,pm2_5,pm2_5,pm2_5,pm2_5,pm2_5,pm2_5,pm2_5,pm2_5,pm10,pm10,pm10,pm10,pm10,pm10,pm10,pm10,no2,no2,no2,no2,no2,no2,no2,no2,o3,o3,o3,o3,o3,o3,o3,o3,co,co,co,co,co,co,co,co,temperature,temperature,temperature,temperature,temperature,temperature,temperature,temperature,humidity,humidity,humidity,humidity,humidity,humidity,humidity,humidity
,count,mean,std,min,25%,50%,75%,max,count,mean,std,min,25%,50%,75%,max,count,mean,std,min,25%,50%,75%,max,count,mean,std,min,25%,50%,75%,max,count,mean,std,min,25%,50%,75%,max,count,mean,std,min,25%,50%,75%,max,count,mean,std,min,25%,50%,75%,max
country,,,,,,,,,,,,,,,,,,,,,,,,,,,,,,,,,,,,,,,,,,,,,,,,,,,,,,,,
AG,8.0,1.7312500000000002,0.7305660721072981,0.7,1.1575,1.975,2.2175000000000002,2.68,8.0,5.43875,2.7262503684417125,2.51,3.7474999999999996,5.385,5.885,11.14,8.0,0.07500000000000001,0.0232992949004287,0.04,0.06,0.07,0.0925,0.11,8.0,66.65125,15.781281350746795,50.51,51.480000000000004,66.255,81.3125,84.06,8.0,99.8025,8.669046330809074,90.57,92.815,98.495,104.435,112.3,8.0,26.09,0.629648427979569,24.62,26.037499999999998,26.285,26.4325,26.59,8.0,75.5,2.5071326821120348,71.0,74.5,76.0,77.0,79.0
AI,3.0,1.0833333333333333,0.5293706955747864,0.67,0.785,0.9,1.29,1.68,3.0,3.11,1.10774545812655,1.96,2.58,3.2,3.685,4.17,3.0,0.14666666666666667,0.04932882862316248,0.09,0.13,0.17,0.175,0.18,3.0,53.333333333333336,4.152786213295036,49.42,51.155,52.89,55.29,57.69,3.0,108.69,0.9880789442144797,108.08,108.12,108.16,108.995,109.83,3.0,25.78333333333333,1.1598419432549139,24.52,25.275,26.03,26.415,26.8,3.0,78.66666666666667,6.658328118479393,73.0,75.0,77.0,81.5,86.0
AO,3.0,1.1133333333333333,0.15695009822658074,0.99,1.025,1.06,1.175,1.29,3.0,1.1666666666666667,0.18175074506954117,1.02,1.065,1.11,1.2400000000000002,1.37,3.0,0.13999999999999999,0.051961524227066326,0.11,0.11,0.11,0.155,0.2,3.0,48.053333333333335,10.798524590578722,35.8,43.989999999999995,52.18,54.18,56.18,3.0,128.78,8.76017693885232,118.79,125.595,132.4,133.775,135.15,3.0,28.963333333333335,0.9710990337413247,28.02,28.465,28.91,29.435000000000002,29.96,3.0,43.333333333333336,3.511884584284246,40.0,41.5,43.0,45.0,47.0
AQ,155.0,0.44045161290322576,0.167701582268724,0.0,0.5,0.5,0.5,0.77,155.0,0.44277419354838704,0.17256482118763583,0.0,0.5,0.5,0.5,0.99,155.0,0.0014193548387096775,0.004330308419689702,0.0,0.0,0.0,0.0,0.03,155.0,23.162967741935486,9.55169225328947,0.0,22.165,25.02,28.725,37.8,155.0,46.15387096774194,18.35909157229371,0.0,47.555,49.26,56.605000000000004,64.46,155.0,-20.094387096774188,7.744336857063785,-31.81,-25.755,-23.33,-15.795,-0.14,155.0,92.21290322580646,6.959984976075545,62.0,89.5,93.0,97.0,100.0
AR,125.0,0.7019200000000001,0.7128347498860877,0.0,0.5,0.5,0.5,4.23,125.0,1.2876800000000002,1.7375604589156306,0.0,0.5,0.5,0.67,7.38,125.0,0.01728,0.04549682725556345,0.0,0.0,0.0,0.0,0.21,125.0,27.226320000000005,10.428227398315006,0.0,24.36,28.47,32.1,49.06,125.0,55.61999999999999,20.52608218827938,0.0,55.93,60.17,63.4,162.89,125.0,-9.383679999999998,12.868248780271841,-25.17,-18.0,-13.91,0.19,31.33,125.0,86.232,12.33545637059966,42.0,82.0,89.0,94.0,100.0
AS,9.0,0.5011111111111111,0.003333333333333336,0.5,0.5,0.5,0.5,0.51,9.0,0.8744444444444445,0.2839503086418076,0.5,0.61,0.86,1.12,1.31,9.0,0.03222222222222222,0.014813657362192647,0.01,0.02,0.03,0.04,0.06,9.0,19.234444444444446,4.18961845252975,12.71,18.19,19.56,21.55,25.71,9.0,77.06888888888889,2.80265251344349,73.26,75.42,75.91,79.06,81.98,9.0,26.914444444444445,0.7305325302666387,25.61,26.35,27.18,27.38,27.83,9.0,73.77777777777777,3.666666666666667,69.0,72.0,73.0,74.0,80.0
AU,273.0,0.8736996336996337,0.7629373465380446,0.0,0.5,0.5,0.77,3.84,273.0,2.018095238095238,2.6955907689850727,0.0,0.5,0.5,2.38,11.02,273.0,0.012564102564102564,0.026220580727652168,0.0,0.0,0.01,0.01,0.22,273.0,27.75758241758242,6.406295732805371,0.0,23.69,27.27,31.5,45.59,273.0,58.42296703296703,11.109258244269945,0.0,50.36,61.05,62.33,108.71,273.0,-2.0988278388278387,16.85736326995134,-36.09,-18.25,0.62,9.68,29.72,273.0,85.5018315018315,10.204210687305302,45.0,79.0,87.0,94.0,100.0
AW,1.0,0.76,,0.76,0.76,0.76,0.76,0.76,1.0,3.64,,3.64,3.64,3.64,3.64,3.64,1.0,0.12,,0.12,0.12,0.12,0.12,0.12,1.0,65.56,,65.56,65.56,65.56,65.56,65.56,1.0,100.23,,100.23,100.23,100.23,100.23,100.23,1.0,27.17,,27.17,27.17,27.17,27.17,27.17,1.0,71.0,,71.0,71.0,71.0,71.0,71.0
BB,8.0,2.0325,0.6443324341628983,0.91,1.8450000000000002,1.97,2.2325,3.22,8.0,7.285,2.3768646815260044,3.42,6.1325,7.545,9.275,10.04,8.0,0.027500000000000004,0.008864052604279183,0.02,0.02,0.025,0.0325,0.04,8.0,57.8225,13.448744763519223,40.33,47.8075,57.265,64.7225,80.3,8.0,107.08875,11.769197614960841,91.29,99.155,105.18,116.5125,124.37,8.0,26.63125,0.34852495299066166,26.14,26.43,26.63,26.7625,27.3,8.0,74.5,2.7255405754769875,68.0,74.75,75.5,76.0,76.0
BI,1.0,1.09,,1.09,1.09,1.09,1.09,1.09,1.0,1.37,,1.37,1.37,1.37,1.37,1.37,1.0,0.14,,0.14,0.14,0.14,0.14,0.14,1.0,46.92,,46.92,46.92,46.92,46.92,46.92,1.0,113.33,,113.33,113.33,113.33,113.33,113.33,1.0,18.03,,18.03,18.03,18.03,18.03,18.03,1.0,72.0,,72.0,72.0,72.0,72.0,72.0
BM,26.0,1.2084615384615385,0.29366228641338754,0.8,0.97,1.125,1.4725,1.88,26.0,4.019230769230768,1.6676448616583162,1.7,2.725,3.67,4.8525,7.76,26.0,0.12307692307692307,0.035974349836429935,0.08,0.0925,0.11,0.1475,0.2,26.0,77.5326923076923,7.0358951428754555,62.82,72.6175,78.16999999999999,80.395,95.38,26.0,98.71807692307692,4.083016550768091,92.03,95.41499999999999,98.35,101.9225,107.0,26.0,23.050769230769227,1.318432169137034,21.08,21.8325,23.34,24.145000000000003,25.57,26.0,79.1923076923077,3.162520902940953,74.0,78.0,79.0,80.0,87.0
BO,3.0,0.8933333333333334,0.5564470624716544,0.5,0.575,0.65,1.09,1.53,3.0,0.92,0.5786190456595773,0.5,0.5900000000000001,0.68,1.1300000000000001,1.58,3.0,0.16,0.10392304845413264,0.04,0.13,0.22,0.22,0.22,3.0,3.7166666666666663,1.7987866280727498,1.64,3.1799999999999997,4.72,4.755,4.79,3.0,90.74666666666667,24.149236702913264,63.09,82.28999999999999,101.49,104.57499999999999,107.66,3.0,25.429999999999996,4.45060670021515,22.6,22.865000000000002,23.13,26.845,30.56,3.0,76.33333333333333,22.546248764114473,53.0,65.5,78.0,88.0,98.0
BR,132.0,1.1515151515151516,0.6512612365571604,0.5,0.5725,0.955,1.56,3.42,132.0,4.193560606060606,3.017233233545568,0.5,1.4625,3.84,6.6825,11.03,132.0,0.05659090909090909,0.05225932906167477,0.01,0.02,0.035,0.08,0.22,132.0,32.02015151515151,16.49271215341313,0.25,25.575,37.08,44.785,57.79,132.0,88.74643939393938,25.422605350314228,43.17,65.5675,87.37,102.16250000000001,177.36,132.0,23.044696969696975,4.244546108030499,11.39,21.84,24.259999999999998,26.0275,30.04,132.0,77.11363636363636,10.509644953926793,53.0,69.0,77.5,82.25,99.0
BS,4.0,0.9125,0.16132265804901674,0.79,0.835,0.855,0.9325,1.15,4.0,3.7449999999999997,1.3429693468827448,2.88,2.91,3.19,4.025,5.72,4.0,0.18,0.035590260840104374,0.15,0.15,0.175,0.20500000000000002,0.22,4.0,71.84,2.715105891121005,68.43,70.7175,71.965,73.0875,75.0,4.0,94.6125,3.1786514436156694,91.89,91.9725,94.16,96.8,98.24,4.0,25.0875,0.8402926077662857,24.18,24.495,25.09,25.682499999999997,25.99,4.0,76.5,3.415650255319866,73.0,74.5,76.0,78.0,81.0
CA,337.0,0.5750148367952522,0.21288567889647803,0.5,0.5,0.5,0.5,2.51,337.0,0.749940652818991,0.9312421281435533,0.5,0.5,0.5,0.69,8.61,337.0,0.028071216617210685,0.048557963975847704,0.0,0.0,0.01,0.03,0.21,337.0,75.46543026706232,9.002668645788697,43.82,69.07,76.74,82.23,94.35,337.0,121.6701483679525,7.255383447207781,95.37,117.61,122.66,126.7,141.46,337.0,-18.707685459940652,9.778864233559496,-33.76,-25.57,-20.34,-14.46,22.74,337.0,90.68842729970326,10.836210909007383,48.0,87.0,95.0,98.0,100.0
CC,61.0,1.6459016393442623,0.6122673083144331,0.5,1.19,1.64,1.92,2.96,61.0,6.115573770491802,2.5123883222876224,0.52,4.13,6.26,7.8,10.23,61.0,0.02032786885245902,0.0119676248151355,0.01,0.01,0.02,0.03,0.06,61.0,37.95098360655737,9.646712342367913,21.63,31.02,37.61,44.59,57.17,61.0,66.96245901639344,2.753053247903561,59.95,65.93,67.47,68.46,72.92,61.0,24.234426229508195,2.955574690078713,16.69,22.32,24.64,26.78,28.15,61.0,72.80327868852459,5.758528956053353,61.0,68.0,73.0,77.0,84.0
CD,18.0,1.0905555555555555,0.5520813263004584,0.5,0.5974999999999999,1.125,1.39,2.47,18.0,1.3611111111111112,0.716058565538494,0.5,0.865,1.21,1.665,2.95,18.0,0.10777777777777778,0.04881604793454416,0.04,0.07250000000000001,0.10500000000000001,0.14,0.21,18.0,31.74111111111112,9.948212898268766,11.14,27.299999999999997,33.325,35.1175,51.54,18.0,130.75944444444445,16.18331838007427,99.64,121.17,126.675,140.8575,166.65,18.0,28.078888888888887,3.1087407870463806,22.74,25.98,28.33,29.924999999999997,33.23,18.0,63.22222222222222,15.341430087321815,43.0,54.5,62.0,68.5,95.0
CG,3.0,0.7066666666666667,0.04932882862316246,0.65,0.69,0.73,0.735,0.74,3.0,0.79,0.062449979983983994,0.72,0.765,0.81,0.825,0.84,3.0,0.09333333333333332,0.02886751345948129,0.06,0.08499999999999999,0.11,0.11,0.11,3.0,20.03,7.094230049836274,11.88,17.635,23.39,24.105,24.82,3.0,121.03333333333332,20.93911491284513,100.46,110.38999999999999,120.32,131.32,142.32,3.0,27.34,1.953023297352082,25.16,26.545,27.93,28.43,28.93,3.0,76.66666666666667,8.736894948054106,67.0,73.0,79.0,81.5,84.0
CI,2.0,2.44,0.24041630560342606,2.27,2.355,2.44,2.525,2.61,2.0,4.555,0.5444722215136419,4.17,4.3625,4.555,4.7475000000000005,4.94,2.0,0.035,0.021213203435596427,0.02,0.0275,0.035,0.0425,0.05,2.0,25.785,2.609224022578359,23.94,24.8625,25.785,26.7075,27.63,2.0,116.47999999999999,6.264966081312811,112.05,114.265,116.47999999999999,118.695,120.91,2.0,26.975,0.34648232278140717,26.73,26.8525,26.975,27.0975,27.22,2.0,78.0,0.0,78.0,78.0,78.0,78.0,78.0
CK,31.0,1.0238709677419358,0.40796795151379917,0.5,0.625,1.09,1.29,2.04,31.0,3.5529032258064515,1.5422909227258585,0.95,2.505,3.23,4.3149999999999995,6.72,31.0,0.03225806451612904,0.007169229349265205,0.02,0.03,0.03,0.04,0.05,31.0,29.20774193548387,6.500666996381945,19.72,23.4,28.11,33.325,42.6,31.0,71.76935483870969,1.892934116627538,68.46,70.235,71.92,73.225,75.9,31.0,22.533870967741937,3.576098131967629,15.54,20.314999999999998,23.45,25.8,26.89,31.0,77.2258064516129,6.463794950436649,62.0,71.5,78.0,82.0,88.0
CL,327.0,0.9245565749235474,0.6399882828283326,0.0,0.5,0.67,1.22,4.29,327.0,2.9452905198776755,2.486416192600097,0.0,0.5,2.59,4.255,10.34,327.0,0.011865443425076453,0.010024827999182853,0.0,0.0,0.01,0.02,0.04,327.0,34.62844036697248,9.598006551814406,0.0,30.665,34.04,40.510000000000005,54.12,327.0,58.82461773700306,12.514655988107146,0.0,58.545,60.66,65.58,72.71,327.0,4.915932721712538,15.172980818001294,-26.57,-3.1399999999999997,8.74,17.560000000000002,24.13,327.0,78.56880733944953,10.710381672333742,55.0,70.0,77.0,86.0,100.0
CO,9.0,0.8855555555555557,0.3711169327554023,0.5,0.5,0.91,0.98,1.53,9.0,1.951111111111111,1.8612055531593255,0.5,0.5,1.26,2.02,5.39,9.0,0.1311111111111111,0.054185894023362866,0.04,0.09,0.14,0.16,0.2,9.0,30.987777777777776,25.650946268012113,4.42,7.79,19.59,56.27,62.52,9.0,81.86888888888888,10.62476993214964,67.66,70.04,88.58,90.13,93.03,9.0,24.67222222222222,2.5429646958706376,21.02,23.14,25.27,27.21,27.5,9.0,85.33333333333333,10.124228365658293,73.0,76.0,82.0,96.0,98.0
CR,3.0,1.3066666666666666,0.3583759664560855,0.98,1.115,1.25,1.47,1.69,3.0,2.4366666666666665,0.9521204405606116,1.79,1.8900000000000001,1.99,2.76,3.53,3.0,0.09333333333333334,0.04932882862316247,0.06,0.065,0.07,0.11,0.15,3.0,26.236666666666665,2.0799599355115794,24.45,25.095,25.74,27.13,28.52,3.0,75.76,1.9948182874638,73.85,74.725,75.6,76.715,77.83,3.0,26.37,0.3988734135035832,26.06,26.145,26.23,26.525,26.82,3.0,81.33333333333333,2.0816659994661326,79.0,80.5,82.0,82.5,83.0
CU,1.0,2.24,,2.24,2.24,2.24,2.24,2.24,1.0,4.42,,4.42,4.42,4.42,4.42,4.42,1.0,0.15,,0.15,0.15,0.15,0.15,0.15,1.0,64.14,,64.14,64.14,64.14,64.14,64.14,1.0,90.44,,90.44,90.44,90.44,90.44,90.44,1.0,26.15,,26.15,26.15,26.15,26.15,26.15,1.0,75.0,,75.0,75.0,75.0,75.0,75.0
CV,27.0,1.885185185185185,0.603154339033681,0.5,1.755,1.84,2.15,3.55,27.0,6.345925925925926,3.143705872006255,0.58,2.58,7.08,8.265,11.14,27.0,0.059629629629629644,0.02695886916731907,0.02,0.04,0.06,0.07,0.13,27.0,70.72962962962961,17.769985169787645,23.6,62.315,77.44,84.425,88.26,27.0,100.87333333333333,7.480700296300936,91.83,93.3,99.56,105.82,114.95,27.0,25.054444444444442,1.089556484691516,23.0,24.435000000000002,25.26,25.925,26.78,27.0,72.0,5.656854249492381,60.0,70.0,71.0,75.0,84.0
CX,10.0,1.653,0.2823335301061888,1.29,1.4,1.68,1.9,2.03,10.0,7.039,1.0722194012628405,5.86,6.0575,7.135,7.65,9.02,10.0,0.015000000000000003,0.005270462766947299,0.01,0.01,0.015,0.02,0.02,10.0,48.238,5.544027416959625,39.86,43.605,49.68,51.9775,56.2,10.0,68.99199999999999,1.2839591547674363,66.76,68.11,68.965,69.955,70.9,10.0,26.227999999999998,0.4081884096563465,25.69,25.8675,26.299999999999997,26.34,26.93,10.0,67.6,4.427188724235731,60.0,65.5,67.5,69.75,76.0
CY,1.0,0.82,,0.82,0.82,0.82,0.82,0.82,1.0,1.7,,1.7,1.7,1.7,1.7,1.7,1.0,0.19,,0.19,0.19,0.19,0.19,0.19,1.0,92.72,,92.72,92.72,92.72,92.72,92.72,1.0,117.07,,117.07,117.07,117.07,117.07,117.07,1.0,19.64,,19.64,19.64,19.64,19.64,19.64,1.0,59.0,,59.0,59.0,59.0,59.0,59.0
EC,52.0,2.053461538461538,0.4734391677401943,1.21,1.6975,2.0,2.5,3.19,52.0,8.308846153846154,1.72008168279158,4.67,7.41,8.565000000000001,9.2675,11.15,52.0,0.016923076923076926,0.01213299852023423,0.01,0.01,0.01,0.02,0.06,52.0,43.08423076923077,9.804032252919693,27.19,32.53,44.795,50.7425,62.01,52.0,70.90115384615386,3.880075627849032,64.85,68.005,69.545,75.025,77.97,52.0,22.28865384615385,1.3619435778330187,20.25,21.2975,22.145000000000003,23.0425,25.44,52.0,79.17307692307692,6.382332089129146,68.0,73.0,79.5,84.0,91.0
ES,12.0,1.7383333333333333,0.4213146812135326,0.84,1.5875,1.92,1.98,2.18,12.0,7.2475,2.201987222322765,2.82,6.56,7.19,8.497499999999999,10.98,12.0,0.13499999999999998,0.03060005941764879,0.09,0.1175,0.13,0.1525,0.19,12.0,92.88916666666667,2.601036361052102,89.54,90.74,93.30000000000001,94.8275,96.78,12.0,104.42333333333335,1.9367326437413421,102.07,103.035,104.195,105.395,107.82,12.0,19.5975,3.8539498628620676,10.37,20.512500000000003,21.025,21.4925,22.3,12.0,68.83333333333333,3.0401355631656037,64.0,66.75,68.5,71.25,73.0
FJ,17.0,0.9970588235294118,0.48839999879558704,0.5,0.66,0.85,1.28,2.2,17.0,3.544117647058824,2.7654250550854056,0.54,1.82,2.38,5.95,9.96,17.0,0.03705882352941176,0.033497146498312536,0.01,0.02,0.02,0.04,0.11,17.0,30.908823529411766,5.567799029186647,21.83,26.71,31.72,33.26,44.39,17.0,73.62470588235294,3.385273470576379,70.31,71.45,72.09,73.92,80.79,17.0,26.438823529411764,1.283558931024113,23.86,25.73,26.68,27.16,28.61,17.0,73.17647058823529,3.2449055093647767,67.0,71.0,74.0,75.0,79.0
FK,28.0,1.574642857142857,1.2396399780308294,0.5,0.5,1.0350000000000001,2.7675,3.58,28.0,2.9953571428571424,2.8666453256865285,0.5,0.5,1.57,6.415,7.88,28.0,0.01892857142857143,0.023623479486916888,0.0,0.0,0.015,0.03,0.09,28.0,31.422500000000007,4.173780260946504,24.87,28.2775,31.075,34.4375,41.35,28.0,62.09321428571428,2.5926649432459477,55.73,61.2675,61.81,63.495000000000005,69.11,28.0,-0.4035714285714282,10.711524501342335,-19.83,-11.022499999999999,4.33,9.31,12.95,28.0,92.71428571428571,5.462716342742852,81.0,88.75,93.5,97.25,99.0
FM,57.0,0.9292982456140352,0.6968368830680607,0.5,0.5,0.52,1.1,2.95,57.0,2.345263157894737,2.31445697523751,0.5,0.83,1.23,2.99,9.67,57.0,0.06210526315789474,0.05443662245824638,0.01,0.01,0.06,0.1,0.21,57.0,19.94877192982456,7.1752202729193115,6.96,17.02,18.67,27.03,39.03,57.0,90.55,14.221177241805867,76.88,83.05,84.95,91.96,140.4,57.0,28.59824561403509,0.5064481457274543,27.04,28.26,28.67,28.96,29.47,57.0,76.19298245614036,3.318985411296802,69.0,74.0,76.0,79.0,83.0
FO,4.0,0.5,0.0,0.5,0.5,0.5,0.5,0.5,4.0,0.505,0.010000000000000009,0.5,0.5,0.5,0.505,0.52,4.0,0.1825,0.04193248541803042,0.12,0.18,0.2,0.2025,0.21,4.0,70.9025,3.2446609992416775,67.18,68.6875,71.35,73.565,73.73,4.0,123.3625,4.103278161015488,118.15,121.45,123.71000000000001,125.6225,127.88,4.0,7.017499999999999,1.5698062513146855,4.69,6.842499999999999,7.63,7.805,8.12,4.0,81.25,10.688779163215974,68.0,77.0,81.5,85.75,94.0
GA,3.0,0.93,0.21071307505705475,0.71,0.83,0.95,1.04,1.13,3.0,1.1433333333333333,0.3852704677669096,0.8,0.935,1.07,1.315,1.56,3.0,0.12999999999999998,0.0754983443527075,0.06,0.09,0.12,0.16499999999999998,0.21,3.0,12.84666666666667,7.6012652455583565,7.91,8.469999999999999,9.03,15.315000000000001,21.6,3.0,102.42,5.084279693329233,96.55,100.91,105.27,105.35499999999999,105.44,3.0,26.80666666666667,3.478970154130866,22.79,25.775,28.76,28.815,28.87,3.0,76.0,11.135528725660043,66.0,70.0,74.0,81.0,88.0
GB,5.0,0.5599999999999999,0.05522680508593631,0.5,0.54,0.55,0.56,0.65,5.0,1.95,0.8917398723843182,0.5,1.9,2.12,2.33,2.9,5.0,0.13,0.07810249675906655,0.05,0.06,0.12,0.2,0.22,5.0,73.25,8.272390827324351,66.91,67.11,70.14,75.36,86.73,5.0,123.276,9.933807427165073,109.06,118.41,124.03,131.98,132.9,5.0,8.994,0.7405605984657836,7.69,9.18,9.22,9.37,9.51,5.0,77.6,2.8809720581775866,75.0,76.0,76.0,79.0,82.0
GF,20.0,1.5705,0.5920390723236895,0.53,1.0525,1.69,2.1075,2.39,20.0,5.383,3.0924238492092075,1.04,2.99,4.305,8.0,10.91,20.0,0.045500000000000006,0.02258900524358558,0.02,0.03,0.04,0.052500000000000005,0.09,20.0,57.1725,23.912672895349864,4.69,45.18,62.34,77.515,82.92,20.0,102.5885,13.054257331372177,89.06,91.52,98.01499999999999,112.6825,127.48,20.0,26.634000000000004,0.6253790429558866,25.7,26.2375,26.59,26.96,28.12,20.0,73.35,5.450977700810823,59.0,69.75,73.5,78.0,81.0
GH,4.0,2.865,1.0064624516923952,1.59,2.295,3.075,3.645,3.72,4.0,5.779999999999999,3.3696389519749244,2.31,3.6975000000000002,5.345000000000001,7.4275,10.12,4.0,0.0325,0.005000000000000001,0.03,0.03,0.03,0.0325,0.04,4.0,26.4475,1.4094768533040907,25.15,25.2775,26.4,27.57,27.84,4.0,116.6325,4.784686510107012,112.59,113.24249999999999,115.425,118.815,123.09,4.0,27.0975,0.6015743234768796,26.28,26.8275,27.275,27.544999999999998,27.56,4.0,78.5,3.872983346207417,75.0,76.5,77.5,79.5,84.0
GL,160.0,0.5682499999999999,0.1611887834167473,0.5,0.5,0.5,0.5,1.37,160.0,0.8975000000000002,0.8066765423793835,0.5,0.5,0.5,0.985,6.17,160.0,0.013250000000000001,0.01931369638170095,0.0,0.0,0.01,0.02,0.11,160.0,76.8305625,11.165552553839294,54.36,67.08,77.075,87.09,101.26,160.0,108.027,13.616029020581156,82.53,95.7075,109.11,119.12,130.24,160.0,-19.1125625,14.039525303612875,-45.46,-30.41,-20.35,-9.365,6.46,160.0,85.4125,14.12139083961927,50.0,75.0,91.0,97.0,100.0
GP,5.0,2.222,0.7824768367178674,0.9,2.19,2.43,2.78,2.81,5.0,7.273999999999999,2.758129801151498,3.11,6.97,7.31,8.23,10.75,5.0,0.048,0.017888543819998316,0.02,0.04,0.06,0.06,0.06,5.0,66.576,16.410683410510362,39.23,67.76,68.33,75.1,82.46,5.0,100.56400000000001,12.720209510853195,91.34,92.13,98.12,98.72,122.51,5.0,26.332,0.3753931272679346,25.84,26.18,26.22,26.7,26.72,5.0,73.4,4.929503017546495,65.0,74.0,75.0,75.0,78.0
GR,3.0,2.02,1.4463402089411743,0.89,1.205,1.52,2.585,3.65,3.0,4.5,4.039319249576591,1.86,2.1750000000000003,2.49,5.82,9.15,3.0,0.19000000000000003,0.017320508075688773,0.17,0.185,0.2,0.2,0.2,3.0,101.11666666666667,3.415176910986216,98.81,99.155,99.5,102.27000000000001,105.04,3.0,110.99666666666667,2.5455123911176196,108.99,109.565,110.14,112.0,113.86,3.0,18.523333333333333,0.765397500213669,17.94,18.09,18.24,18.814999999999998,19.39,3.0,62.666666666666664,1.5275252316519465,61.0,62.0,63.0,63.5,64.0
GS,218.0,0.5405504587155964,0.318924849540086,0.0,0.5,0.5,0.5,3.38,218.0,0.8082568807339449,0.9642746076516036,0.0,0.5,0.5,0.5075000000000001,7.74,218.0,0.001330275229357798,0.0037883037213494435,0.0,0.0,0.0,0.0,0.02,218.0,24.944266055045873,8.114478081057761,0.0,22.2075,26.51,30.115000000000002,39.3,218.0,54.27417431192661,15.099371473685615,0.0,53.415,59.655,61.0425,64.91,218.0,-8.741238532110092,10.097213733851525,-25.15,-18.82,-5.265000000000001,-1.0425,10.52,218.0,86.06422018348624,7.994554862755021,60.0,82.0,86.0,92.0,99.0
GT,1.0,1.28,,1.28,1.28,1.28,1.28,1.28,1.0,2.52,,2.52,2.52,2.52,2.52,2.52,1.0,0.04,,0.04,0.04,0.04,0.04,0.04,1.0,35.86,,35.86,35.86,35.86,35.86,35.86,1.0,81.39,,81.39,81.39,81.39,81.39,81.39,1.0,25.87,,25.87,25.87,25.87,25.87,25.87,1.0,81.0,,81.0,81.0,81.0,81.0,81.0
GU,2.0,2.1399999999999997,0.09899494936611673,2.07,2.105,2.1399999999999997,2.175,2.21,2.0,4.93,0.8485281374238571,4.33,4.63,4.93,5.23,5.53,2.0,0.09000000000000001,0.07071067811865477,0.04,0.065,0.09000000000000001,0.11500000000000002,0.14,2.0,47.055,6.201326471006019,42.67,44.8625,47.055,49.2475,51.44,2.0,79.78,0.5232590180780515,79.41,79.595,79.78,79.965,80.15,2.0,28.115,0.30405591591021525,27.9,28.0075,28.115,28.222499999999997,28.33,2.0,77.5,2.1213203435596424,76.0,76.75,77.5,78.25,79.0
GW,4.0,0.7175,0.10719919153924,0.56,0.7025,0.755,0.77,0.8,4.0,1.0,0.28401877872187725,0.69,0.7949999999999999,1.02,1.225,1.27,4.0,0.024999999999999998,0.019148542155126763,0.01,0.01,0.02,0.035,0.05,4.0,25.275,0.5830094338859363,24.75,24.862499999999997,25.155,25.5675,26.04,4.0,121.635,6.081214242786281,116.25,117.615,120.18,124.2,129.93,4.0,26.25,0.226715680975092,26.01,26.115,26.225,26.36,26.54,4.0,77.75,2.362907813126304,76.0,76.0,77.0,78.75,81.0
GY,4.0,0.5,0.0,0.5,0.5,0.5,0.5,0.5,4.0,0.5,0.0,0.5,0.5,0.5,0.5,0.5,4.0,0.022500000000000003,0.012583057392117916,0.01,0.0175,0.02,0.025,0.04,4.0,1.9175,1.0915241637270336,0.73,1.135,1.965,2.7475,3.01,4.0,59.08,6.60461454843001,49.43,57.605,61.47,62.945,63.95,4.0,22.867500000000003,3.0524894212210905,20.82,21.165,21.630000000000003,23.3325,27.39,4.0,92.5,10.408329997330663,77.0,91.25,97.0,98.25,99.0
HN,2.0,1.29,0.1131370849898477,1.21,1.25,1.29,1.33,1.37,2.0,2.7350000000000003,0.21920310216782976,2.58,2.6575,2.7350000000000003,2.8125,2.89,2.0,0.060000000000000005,0.014142135623730954,0.05,0.05500000000000001,0.060000000000000005,0.065,0.07,2.0,63.34,3.450681092190354,60.9,62.12,63.34,64.56,65.78,2.0,93.33500000000001,9.454017664464134,86.65,89.9925,93.33500000000001,96.6775,100.02,2.0,26.9,0.1697056274847703,26.78,26.84,26.9,26.96,27.02,2.0,74.0,1.4142135623730951,73.0,73.5,74.0,74.5,75.0
HT,1.0,1.05,,1.05,1.05,1.05,1.05,1.05,1.0,3.66,,3.66,3.66,3.66,3.66,3.66,1.0,0.09,,0.09,0.09,0.09,0.09,0.09,1.0,62.52,,62.52,62.52,62.52,62.52,62.52,1.0,89.62,,89.62,89.62,89.62,89.62,89.62,1.0,27.41,,27.41,27.41,27.41,27.41,27.41,1.0,72.0,,72.0,72.0,72.0,72.0,72.0
ID,50.0,1.0092,0.6351822492764722,0.5,0.5,0.68,1.5150000000000001,2.88,50.0,2.3892,2.8143573884999187,0.5,0.5625,1.025,2.5475000000000003,11.22,50.0,0.0552,0.056900916387298064,0.01,0.01,0.02,0.08,0.18,50.0,27.864,9.407282459100829,8.79,20.4525,25.494999999999997,33.97,47.76,50.0,96.50859999999999,35.59950206083776,67.32,71.23500000000001,74.83,128.91750000000002,172.14,50.0,27.383399999999998,2.252024585721452,18.77,27.5375,28.055,28.285,29.74,50.0,73.28,9.678589878738345,62.0,67.25,70.0,76.0,99.0
IE,7.0,0.6728571428571429,0.25440874498296934,0.5,0.525,0.59,0.675,1.22,7.0,2.4528571428571433,1.0175413879496382,1.27,1.94,2.21,2.67,4.47,7.0,0.13,0.05597618541248888,0.06,0.09,0.12,0.16999999999999998,0.21,7.0,86.68999999999998,8.182102419305199,71.51,82.94,89.89,92.475,94.6,7.0,109.36714285714287,4.608158396748512,103.85,106.74000000000001,108.25,111.50999999999999,116.97,7.0,8.617142857142857,1.130497151488587,7.31,7.85,8.07,9.48,10.28,7.0,74.28571428571429,10.6256652452805,62.0,67.0,71.0,81.0,91.0
IN,3.0,2.9633333333333334,1.3891124264555887,1.64,2.2399999999999998,2.84,3.625,4.41,3.0,4.423333333333333,1.261599513844759,3.2,3.775,4.35,5.035,5.72,3.0,0.07333333333333335,0.011547005383792518,0.06,0.07,0.08,0.08,0.08,3.0,39.4,5.485654017526078,34.42,36.46,38.5,41.89,45.28,3.0,110.47666666666665,20.003702990529856,92.27,99.77,107.27,119.57999999999998,131.89,3.0,27.5,0.13114877048604073,27.36,27.439999999999998,27.52,27.57,27.62,3.0,76.0,1.0,75.0,75.5,76.0,76.5,77.0
IS,55.0,0.5821818181818181,0.16527968337752144,0.5,0.5,0.5,0.5549999999999999,1.25,55.0,1.376,1.0416272881445683,0.5,0.5,1.14,1.8849999999999998,5.29,55.0,0.032545454545454544,0.028752982571100462,0.0,0.01,0.02,0.06,0.12,55.0,80.88054545454547,7.954265200642665,65.16,73.84,80.46,88.04,96.81,55.0,115.37672727272727,8.635415462038882,95.08,109.11500000000001,112.83,121.445,132.86,55.0,-6.819454545454547,13.669158637060214,-29.3,-20.71,-4.41,7.115,9.27,55.0,74.25454545454545,13.136347908137802,40.0,66.5,71.0,82.0,100.0
JP,22.0,2.408181818181818,0.7678456960789797,0.79,1.9874999999999998,2.38,2.7675,4.06,22.0,5.877727272727273,1.7409327872427958,2.24,4.995,5.595000000000001,7.234999999999999,9.29,22.0,0.16954545454545455,0.033306266066723225,0.1,0.14250000000000002,0.175,0.1975,0.22,22.0,86.14454545454545,19.370128875169947,30.12,91.165,93.57,96.03999999999999,99.32,22.0,110.81227272727274,18.990269922557758,83.8,94.74000000000001,108.495,130.9775,143.65,22.0,21.874545454545455,2.6181158751916875,16.59,20.475,21.085,23.105,27.83,22.0,75.36363636363636,5.490645330667986,68.0,71.25,75.5,78.0,89.0
KE,2.0,2.02,0.834386001800126,1.43,1.7249999999999999,2.02,2.315,2.61,2.0,6.175,4.136574669941303,3.25,4.7125,6.175,7.637499999999999,9.1,2.0,0.02,0.01414213562373095,0.01,0.015,0.02,0.025,0.03,2.0,52.61,11.087434329005065,44.77,48.690000000000005,52.61,56.53,60.45,2.0,114.335,12.706708857922258,105.35,109.8425,114.335,118.82749999999999,123.32,2.0,27.355,0.5020458146424494,27.0,27.177500000000002,27.355,27.5325,27.71,2.0,76.0,2.8284271247461903,74.0,75.0,76.0,77.0,78.0
KI,74.0,1.7798648648648645,0.6616966429125678,0.51,1.2275,1.78,2.23,3.12,74.0,6.158783783783783,2.8294657769174614,1.23,3.5100000000000002,6.734999999999999,8.22,10.92,74.0,0.021621621621621623,0.013347518062554214,0.01,0.01,0.02,0.03,0.09,74.0,19.626216216216214,13.672198138017636,6.97,10.35,12.45,23.85,51.62,74.0,85.09067567567568,3.0654720216127607,79.79,83.03,84.78,86.415,94.41,74.0,26.610135135135135,0.7836558044476555,24.84,26.0375,26.525,27.262500000000003,28.04,74.0,78.04054054054055,3.5747945211154395,66.0,76.0,78.0,81.0,85.0
KM,6.0,1.99,1.0823308181882285,0.7,1.1425,2.035,2.6875,3.42,6.0,4.293333333333333,2.679333250393961,1.19,2.3675,4.09,5.9175,8.07,6.0,0.04499999999999999,0.0216794833886788,0.02,0.0325,0.04,0.055,0.08,6.0,41.62500000000001,6.4534417174094,30.23,39.377500000000005,43.85,45.8625,47.4,6.0,95.085,4.078998651630079,89.26,93.54,94.68,96.58500000000001,101.51,6.0,27.448333333333338,0.36129858381491964,26.78,27.447499999999998,27.509999999999998,27.572499999999998,27.87,6.0,70.66666666666667,4.6332134277050825,62.0,69.75,72.5,73.75,74.0
LK,6.0,0.5966666666666667,0.18435473052424411,0.5,0.5,0.5,0.59,0.96,6.0,1.8499999999999999,1.291851384641438,0.54,1.0075,1.4849999999999999,2.3975,4.04,6.0,0.03833333333333334,0.030605010483034756,0.02,0.0225,0.03,0.03,0.1,6.0,30.905,6.785085850599091,20.11,28.145,31.105,35.2125,39.37,6.0,72.24833333333333,1.1843549580538182,70.01,72.245,72.395,73.02499999999999,73.26,6.0,27.276666666666667,0.19366637980472165,26.93,27.25,27.3,27.3725,27.5,6.0,72.33333333333333,4.08248290463863,67.0,70.25,72.0,73.75,79.0
LR,6.0,2.2216666666666667,0.6776552712601493,1.16,1.96,2.29,2.485,3.19,6.0,6.131666666666667,3.717883358399866,1.61,3.2225,6.0649999999999995,9.530000000000001,10.09,6.0,0.09333333333333334,0.07033254343948231,0.02,0.0325,0.09000000000000001,0.155,0.17,6.0,36.50833333333333,4.010393580020129,30.69,34.0175,37.2,39.6925,40.48,6.0,106.71333333333332,4.059796382414597,99.73,105.02250000000001,108.67500000000001,109.1475,110.09,6.0,27.145,2.013879340973535,25.3,25.8175,26.29,28.315,30.34,6.0,75.5,7.635443667528429,63.0,71.5,79.5,80.75,81.0
MG,48.0,1.7779166666666668,0.8578819993581256,0.5,1.0625,1.82,2.4825,3.29,48.0,5.4089583333333335,2.9094923440962357,0.6,3.4924999999999997,5.17,8.2575,10.93,48.0,0.025833333333333333,0.025997817693466024,0.0,0.01,0.02,0.03,0.15,48.0,30.513333333333332,6.927179074419688,18.14,25.5025,31.845,35.4725,49.85,48.0,70.081875,9.357177619630779,59.18,62.379999999999995,69.88,74.545,106.14,48.0,22.343124999999997,6.055910478922505,3.68,18.7275,24.28,27.03,28.66,48.0,79.77083333333333,8.22874976500291,66.0,72.75,78.0,87.25,94.0
MH,42.0,1.9511904761904764,0.8184941628021736,0.5,1.5575,1.98,2.3225,4.5,42.0,7.597380952380953,2.698428684166172,1.36,5.985,8.135,9.352500000000001,11.1,42.0,0.07928571428571429,0.07699834832383942,0.0,0.01,0.045,0.155,0.22,42.0,62.8697619047619,30.83903643492466,9.41,37.45,69.33500000000001,91.41749999999999,98.02,42.0,93.54357142857143,11.908752227531007,78.28,82.6425,95.565,103.6925,114.59,42.0,25.229523809523812,3.077888849148384,16.96,24.265,26.53,27.287499999999998,28.75,42.0,68.9047619047619,8.778603488609146,54.0,61.0,71.0,76.75,82.0
MN,2.0,0.51,0.014142135623730963,0.5,0.505,0.51,0.515,0.52,2.0,0.515,0.021213203435596444,0.5,0.5075000000000001,0.515,0.5225,0.53,2.0,0.20500000000000002,0.021213203435596427,0.19,0.1975,0.20500000000000002,0.2125,0.22,2.0,80.97,0.9758073580374323,80.28,80.625,80.97,81.315,81.66,2.0,105.17,10.224764055957483,97.94,101.555,105.17,108.785,112.4,2.0,-16.770000000000003,0.014142135623730649,-16.78,-16.775000000000002,-16.770000000000003,-16.765,-16.76,2.0,80.0,15.556349186104045,69.0,74.5,80.0,85.5,91.0
MP,13.0,2.3215384615384616,0.992856536748438,1.01,1.68,2.23,2.64,4.22,13.0,6.3792307692307695,2.5140785639357066,1.99,4.7,5.54,9.22,10.21,13.0,0.09769230769230769,0.0408562206919677,0.03,0.08,0.1,0.11,0.18,13.0,55.20384615384615,19.392592889409066,34.18,40.95,46.98,72.0,92.59,13.0,92.77384615384615,14.399884570406307,80.84,82.37,84.89,99.4,117.71,13.0,26.955384615384617,1.766576799843015,23.8,26.59,27.42,28.25,28.61,13.0,77.0,6.137317546507322,63.0,74.0,77.0,79.0,90.0
MR,1.0,2.39,,2.39,2.39,2.39,2.39,2.39,1.0,10.28,,10.28,10.28,10.28,10.28,10.28,1.0,0.17,,0.17,0.17,0.17,0.17,0.17,1.0,90.23,,90.23,90.23,90.23,90.23,90.23,1.0,100.22,,100.22,100.22,100.22,100.22,100.22,1.0,21.88,,21.88,21.88,21.88,21.88,21.88,1.0,73.0,,73.0,73.0,73.0,73.0,73.0
MS,1.0,1.17,,1.17,1.17,1.17,1.17,1.17,1.0,3.46,,3.46,3.46,3.46,3.46,3.46,1.0,0.2,,0.2,0.2,0.2,0.2,0.2,1.0,58.69,,58.69,58.69,58.69,58.69,58.69,1.0,113.95,,113.95,113.95,113.95,113.95,113.95,1.0,26.65,,26.65,26.65,26.65,26.65,26.65,1.0,72.0,,72.0,72.0,72.0,72.0,72.0
MU,64.0,1.610625,0.8747877293541397,0.51,0.9624999999999999,1.395,1.92,4.53,64.0,5.52140625,2.532909029120783,1.64,3.3475,5.484999999999999,7.3725,10.64,64.0,0.020625000000000004,0.019096663050976726,0.01,0.01,0.02,0.02,0.15,64.0,32.20578125,6.916691521398258,21.09,25.137500000000003,32.254999999999995,37.6225,45.04,64.0,67.25890625,4.235965105147091,60.26,62.8825,67.63499999999999,70.3425,76.1,64.0,23.501093750000003,3.019361919970814,18.06,21.025,24.265,26.0,27.52,64.0,76.125,6.516158182573338,63.0,72.0,75.5,81.0,88.0
MV,33.0,1.0427272727272727,0.5123553010806607,0.5,0.56,0.96,1.5,2.2,33.0,3.3381818181818184,2.091670167810664,0.5,1.72,2.66,4.46,8.1,33.0,0.03545454545454546,0.037756697178357404,0.01,0.01,0.02,0.04,0.18,33.0,27.78060606060606,5.609205012407028,17.66,22.7,27.47,30.77,38.41,33.0,72.3769696969697,6.710678283922053,65.72,68.93,71.66,72.63,99.11,33.0,27.531818181818185,0.353901950982318,26.84,27.27,27.5,27.77,28.42,33.0,74.18181818181819,4.496210525643688,65.0,71.0,75.0,78.0,82.0
MW,1.0,0.53,,0.53,0.53,0.53,0.53,0.53,1.0,0.88,,0.88,0.88,0.88,0.88,0.88,1.0,0.12,,0.12,0.12,0.12,0.12,0.12,1.0,41.69,,41.69,41.69,41.69,41.69,41.69,1.0,92.73,,92.73,92.73,92.73,92.73,92.73,1.0,28.27,,28.27,28.27,28.27,28.27,28.27,1.0,62.0,,62.0,62.0,62.0,62.0,62.0
MX,82.0,1.885,1.0215121325941445,0.5,0.9550000000000001,1.96,2.5949999999999998,4.07,82.0,4.260243902439024,2.8465738451384954,0.5,1.8475000000000001,3.4050000000000002,6.407500000000001,10.84,82.0,0.04121951219512195,0.028605026058517953,0.01,0.02,0.03,0.05,0.16,82.0,43.905731707317074,19.96232210387815,13.72,25.27,47.54,58.3325,90.06,82.0,90.85524390243903,9.822686040533327,73.26,81.5075,94.57499999999999,98.34,107.59,82.0,25.176341463414634,1.8883603915521574,17.02,24.575,25.564999999999998,26.3875,27.86,82.0,78.36585365853658,4.935415464323168,66.0,76.0,79.0,82.0,88.0
MZ,13.0,2.1146153846153846,0.6516596169859357,0.63,1.81,2.23,2.59,2.73,13.0,5.7069230769230765,3.350595431201705,1.21,2.84,6.15,7.57,10.82,13.0,0.06538461538461539,0.03204564052914338,0.01,0.05,0.06,0.08,0.12,13.0,41.56307692307693,9.418074276460294,24.21,33.8,41.87,49.6,53.78,13.0,80.27538461538461,13.648335439034689,61.51,72.09,74.77,87.13,103.02,13.0,26.626923076923074,2.706431797944126,22.96,24.05,27.45,28.09,30.87,13.0,69.61538461538461,6.423115307731154,59.0,67.0,70.0,75.0,77.0
NC,8.0,2.0200000000000005,0.9541638074400912,0.9,1.425,1.72,2.875,3.36,8.0,5.7250000000000005,2.275810687582402,2.75,4.077500000000001,5.505000000000001,7.615,8.67,8.0,0.08125,0.03313931631332013,0.03,0.065,0.08,0.0975,0.13,8.0,29.41125,4.901831836889436,18.36,28.995,30.07,31.947499999999998,34.28,8.0,77.285,4.236821584968754,72.96,74.38,75.94,79.3875,84.39,8.0,27.0225,0.8240795731342591,25.92,26.5225,26.85,27.5425,28.32,8.0,78.75,5.175491695067657,72.0,75.0,79.5,83.0,85.0
NF,6.0,2.1666666666666665,1.4746886677080917,0.5,0.9125,2.285,3.4924999999999997,3.58,6.0,6.2,4.418963679416249,1.06,2.6975000000000002,6.345,10.225,10.45,6.0,0.10833333333333332,0.0263944438597722,0.08,0.09,0.105,0.12,0.15,6.0,38.443333333333335,16.082888629430556,23.0,23.835,38.224999999999994,53.184999999999995,54.0,6.0,70.68833333333332,7.316164067779416,61.79,64.1375,72.375,76.81,77.91,6.0,21.238333333333333,2.7532047992597044,17.99,18.93,21.515,23.169999999999998,24.62,6.0,81.16666666666667,9.108603991099113,70.0,74.25,82.0,89.0,90.0
NG,1.0,1.92,,1.92,1.92,1.92,1.92,1.92,1.0,3.51,,3.51,3.51,3.51,3.51,3.51,1.0,0.18,,0.18,0.18,0.18,0.18,0.18,1.0,22.96,,22.96,22.96,22.96,22.96,22.96,1.0,118.68,,118.68,118.68,118.68,118.68,118.68,1.0,28.78,,28.78,28.78,28.78,28.78,28.78,1.0,74.0,,74.0,74.0,74.0,74.0,74.0
NO,42.0,0.5033333333333333,0.017484022904085007,0.5,0.5,0.5,0.5,0.61,42.0,0.8438095238095238,0.4163485429005096,0.5,0.5,0.745,1.065,2.08,42.0,0.028333333333333332,0.02428656827083612,0.01,0.02,0.02,0.0275,0.13,42.0,79.78309523809523,6.570174474460691,68.41,74.8375,79.095,85.02250000000001,91.5,42.0,118.09785714285714,5.62323166164773,111.02,113.52,117.43,121.38499999999999,132.62,42.0,-2.0526190476190473,4.51860007433978,-18.43,-3.175,-1.2149999999999999,1.0375,2.79,42.0,65.83333333333333,13.519483080511165,47.0,55.25,63.0,73.0,98.0
NR,8.0,0.87875,0.45407480503924513,0.5,0.635,0.755,0.915,1.9,8.0,2.5912499999999996,2.92111738650029,0.5,1.3025,1.56,2.4525,9.51,8.0,0.01,0.0,0.01,0.01,0.01,0.01,0.01,8.0,11.5275,1.0830611379656403,9.56,11.274999999999999,11.84,12.067499999999999,12.67,8.0,82.10249999999999,1.228550248986878,80.49,81.28999999999999,81.815,83.09,83.86,8.0,28.31375,0.37648515432692864,27.65,28.085,28.380000000000003,28.5525,28.81,8.0,76.5,2.5634797778466227,71.0,76.0,76.5,78.25,79.0
NU,6.0,1.0183333333333333,0.21273614330119522,0.72,0.9275,0.985,1.1324999999999998,1.33,6.0,4.026666666666666,1.7737718755991896,2.24,2.73,3.5599999999999996,5.140000000000001,6.68,6.0,0.045000000000000005,0.008366600265340756,0.03,0.0425,0.05,0.05,0.05,6.0,31.223333333333333,4.310650376296674,25.46,29.8325,30.955,31.575000000000003,38.73,6.0,74.33166666666666,2.1167467176463686,71.74,73.2375,73.855,75.26,77.78,6.0,23.716666666666665,2.388796070548231,20.5,21.81,24.6,25.2975,26.19,6.0,67.5,4.929503017546495,63.0,64.0,65.5,70.75,75.0
NZ,301.0,0.8918604651162793,0.8027244403478587,0.0,0.5,0.5,0.84,4.51,301.0,1.6309302325581396,2.0051691030391794,0.0,0.5,0.61,1.8,10.31,301.0,0.015083056478405316,0.026465255436013954,0.0,0.0,0.01,0.02,0.21,301.0,29.944883720930232,7.466835992335315,0.0,26.86,29.7,33.68,50.15,301.0,60.61196013289035,11.121489130435965,0.0,60.57,61.65,63.95,80.05,301.0,-0.2639202657807308,12.538803474825176,-27.41,-12.53,1.07,9.21,23.93,301.0,86.80398671096346,10.762502065961373,59.0,79.0,89.0,96.0,100.0
PA,4.0,1.8175,0.7485263299755505,0.8,1.49,2.005,2.3325,2.46,4.0,4.9125,3.3837294513598453,1.39,2.5300000000000002,4.715,7.0975,8.83,4.0,0.0625,0.05188127472091127,0.03,0.0375,0.04,0.065,0.14,4.0,21.94,1.4606619503955505,20.82,20.947499999999998,21.47,22.4625,24.0,4.0,77.195,1.0947602477255016,76.19,76.67,76.92,77.44500000000001,78.75,4.0,24.285,3.3399051882750594,19.28,24.1475,25.865000000000002,26.0025,26.13,4.0,84.75,4.924428900898052,81.0,82.5,83.0,85.25,92.0
PE,41.0,1.5146341463414634,0.5100887058197604,0.5,1.18,1.58,1.94,2.42,41.0,5.802926829268293,2.419163330474442,0.5,4.58,5.93,7.23,10.95,41.0,0.025609756097560978,0.021569513263841267,0.01,0.02,0.02,0.02,0.11,41.0,39.57756097560976,13.005545697987419,3.46,37.16,42.83,46.58,53.29,41.0,68.34829268292684,3.405836829942845,63.01,65.44,68.12,70.02,76.94,41.0,19.66951219512195,1.9434479041377881,14.93,18.81,19.54,20.26,27.54,41.0,77.58536585365853,7.999923780124714,66.0,72.0,76.0,83.0,100.0
PF,164.0,1.4167073170731708,0.638634576577341,0.5,0.8875,1.34,1.91,3.52,164.0,5.371036585365855,2.8787225820100786,0.7,2.895,5.11,7.54,11.22,164.0,0.020914634146341468,0.013558056233191585,0.01,0.01,0.02,0.0225,0.14,164.0,32.20493902439024,10.489334431033988,13.82,23.642500000000002,33.025,39.08,59.66,164.0,74.89402439024391,8.983263765286093,62.76,66.80250000000001,72.575,81.9,101.65,164.0,23.026341463414635,4.066784657839601,9.88,22.295,24.705,25.7075,27.64,164.0,79.41463414634147,6.420731796130818,66.0,74.75,79.0,83.0,95.0
PG,21.0,0.977142857142857,0.796386481911533,0.5,0.5,0.55,0.89,3.32,21.0,1.7380952380952381,1.1099126949792903,0.63,0.79,1.5,2.55,4.4,21.0,0.09238095238095238,0.06378908699023383,0.01,0.04,0.08,0.13,0.22,21.0,24.027619047619048,11.235744703739893,5.11,17.47,26.44,31.55,39.67,21.0,90.5652380952381,30.166674596157865,60.59,75.43,80.3,89.51,164.56,21.0,28.11714285714286,2.9391089514632545,15.39,28.42,28.66,29.0,29.49,21.0,72.52380952380952,7.096612203150511,64.0,68.0,72.0,75.0,99.0
PH,5.0,2.736,1.1050475102908472,0.92,2.58,2.99,3.49,3.7,5.0,4.718,1.5525527366244278,2.38,4.06,5.3,5.43,6.42,5.0,0.13,0.02,0.1,0.12,0.14,0.14,0.15,5.0,47.513999999999996,3.4891230990035313,41.48,47.5,49.28,49.65,49.66,5.0,136.68200000000002,25.066925818695843,96.95,126.86,149.71,154.08,155.81,5.0,28.122000000000003,0.27635122579789634,27.75,27.9,28.31,28.32,28.33,5.0,77.6,2.8809720581775866,73.0,77.0,78.0,80.0,80.0
PN,155.0,0.8144516129032259,0.44158825203100366,0.0,0.5,0.7,1.01,2.92,155.0,2.124645161290323,1.6651700421806133,0.0,0.5,1.77,3.2350000000000003,8.77,155.0,0.012516129032258063,0.007861921082033683,0.0,0.01,0.01,0.02,0.04,155.0,34.32490322580646,7.695905587729704,0.0,30.95,34.43,38.43,52.2,155.0,61.39329032258064,9.769990968218014,0.0,60.785,62.35,65.265,74.25,155.0,4.870709677419355,13.22415662052807,-26.63,-2.575,6.44,14.425,25.6,155.0,81.48387096774194,11.437211334067658,56.0,72.5,80.0,91.5,100.0
PR,2.0,1.27,0.6929646455628166,0.78,1.025,1.27,1.5150000000000001,1.76,2.0,4.035,2.6516504294495533,2.16,3.0975,4.035,4.9725,5.91,2.0,0.09,0.014142135623730954,0.08,0.085,0.09,0.095,0.1,2.0,63.685,9.482301935711606,56.98,60.332499999999996,63.685,67.0375,70.39,2.0,101.05000000000001,7.834743135546946,95.51,98.28,101.05000000000001,103.82000000000001,106.59,2.0,25.375,0.19091883092037004,25.24,25.307499999999997,25.375,25.442500000000003,25.51,2.0,78.5,3.5355339059327378,76.0,77.25,78.5,79.75,81.0
PT,44.0,1.6411363636363638,0.6273206809810029,0.84,1.2850000000000001,1.53,1.8125,3.7,44.0,6.427954545454545,1.9787576317800255,3.0,5.1875,6.29,7.955,10.7,44.0,0.1440909090909091,0.051322880423533196,0.07,0.1,0.14,0.19,0.22,44.0,89.92136363636364,5.079899097564599,80.17,86.075,89.065,94.5325,99.16,44.0,104.50090909090908,4.998421526740737,96.65,99.305,104.62,107.855,113.27,44.0,18.47727272727273,4.682488586825443,8.2,14.8125,19.575000000000003,22.4475,24.08,44.0,67.3409090909091,4.92711143179356,56.0,64.0,66.0,70.25,78.0
PW,5.0,0.72,0.2169101196348386,0.5,0.55,0.65,0.94,0.96,5.0,1.8559999999999999,0.9225670707325294,0.85,1.06,1.79,2.72,2.86,5.0,0.118,0.030331501776206207,0.09,0.1,0.1,0.14,0.16,5.0,23.738,1.178036501981156,21.87,23.6,23.75,24.57,24.9,5.0,85.322,0.3664969304100627,85.0,85.12,85.14,85.44,85.91,5.0,28.594,0.2141961717678449,28.22,28.62,28.67,28.72,28.74,5.0,76.8,2.2803508501982757,73.0,77.0,77.0,78.0,79.0
RE,8.0,2.015,0.8653818314973538,1.12,1.2225,1.935,2.4825,3.33,8.0,6.45125,1.6988015733787998,4.2,4.74,6.85,7.905,8.51,8.0,0.07625,0.048678977568791006,0.02,0.04,0.065,0.10250000000000001,0.17,8.0,31.502499999999998,6.446810396290112,23.22,28.89,30.240000000000002,33.165,44.36,8.0,76.1225,5.990336861503344,70.91,71.9,73.495,79.0575,86.03,8.0,25.7425,1.2764767358408282,22.76,25.8,26.075,26.375,26.77,8.0,81.75,6.408699444616557,73.0,77.75,80.0,87.0,92.0
RU,591.0,0.608409475465313,0.2926573310231418,0.5,0.5,0.5,0.5,3.0,591.0,0.8955499153976311,1.035866947379692,0.5,0.5,0.5,0.875,10.54,591.0,0.04967851099830795,0.05874736080750278,0.0,0.01,0.02,0.07,0.22,591.0,70.8104399323181,11.506519661539093,28.01,63.269999999999996,71.7,79.09,101.68,591.0,127.41553299492384,7.8489410067409295,91.53,122.91,126.9,131.485,154.13,591.0,-18.78011844331641,11.0536785725815,-42.95,-25.995,-21.5,-11.83,20.8,591.0,89.58037225042301,12.712860985532169,49.0,86.0,95.0,98.0,100.0
SB,15.0,0.504,0.01121223821162777,0.5,0.5,0.5,0.5,0.54,15.0,0.8680000000000002,0.4474882280973594,0.5,0.5,0.69,1.1099999999999999,1.83,15.0,0.021333333333333336,0.017265434778633237,0.0,0.01,0.02,0.025,0.07,15.0,14.398,3.3926458280058815,9.49,11.875,14.58,17.91,18.84,15.0,80.81400000000001,2.923446596057469,74.71,78.405,81.23,83.00999999999999,84.66,15.0,28.866666666666667,0.259330640211258,28.31,28.71,28.92,29.05,29.26,15.0,72.26666666666667,2.0517124090680467,69.0,70.5,73.0,73.5,76.0
SC,19.0,0.8142105263157895,0.3352000362880132,0.5,0.5700000000000001,0.71,0.9299999999999999,1.68,19.0,2.1673684210526316,0.7769945095277426,0.99,1.6150000000000002,1.81,2.635,3.75,19.0,0.015263157894736845,0.017116730299340202,0.0,0.01,0.01,0.015,0.08,19.0,29.776842105263157,5.654222662588435,19.91,26.63,30.14,32.17,39.23,19.0,76.00736842105262,13.708842581059885,69.08,70.14,70.78,73.38499999999999,123.12,19.0,27.159473684210525,0.18682950291079514,26.91,27.0,27.15,27.240000000000002,27.67,19.0,72.10526315789474,3.142800181757685,66.0,69.5,73.0,74.5,76.0
SE,2.0,0.5,0.0,0.5,0.5,0.5,0.5,0.5,2.0,0.5,0.0,0.5,0.5,0.5,0.5,0.5,2.0,0.115,0.021213203435596427,0.1,0.10750000000000001,0.115,0.1225,0.13,2.0,69.825,2.1849599538664344,68.28,69.05250000000001,69.825,70.5975,71.37,2.0,111.47999999999999,6.491240251292501,106.89,109.185,111.47999999999999,113.77499999999999,116.07,2.0,-15.125,1.1667261889578024,-15.95,-15.5375,-15.125,-14.7125,-14.3,2.0,86.0,8.48528137423857,80.0,83.0,86.0,89.0,92.0
SH,165.0,1.206,0.8400172762451042,0.5,0.5,0.88,1.61,4.5,165.0,4.047393939393939,2.9962081518124597,0.5,1.65,3.52,6.32,11.1,165.0,0.01175757575757576,0.018868980712047054,0.0,0.0,0.01,0.02,0.2,165.0,35.4400606060606,10.40904036584391,18.7,26.92,34.4,44.04,59.74,165.0,67.14618181818182,11.126994229193105,47.57,60.87,63.5,72.9,112.12,165.0,10.08660606060606,14.061553686185436,-25.1,1.67,14.53,20.86,26.24,165.0,77.89090909090909,10.607761873901227,55.0,70.0,79.0,84.0,99.0
SJ,105.0,0.6993333333333334,0.4203393012854356,0.5,0.5,0.5,0.73,2.44,105.0,1.5334285714285714,1.4404124867093218,0.5,0.5,1.21,1.82,7.44,105.0,0.019619047619047616,0.009895979129444591,0.01,0.01,0.02,0.03,0.04,105.0,77.2650476190476,8.11434320340905,63.85,69.56,77.1,83.66,91.9,105.0,123.39266666666666,6.073872048921237,111.01,118.39,124.34,128.24,135.61,105.0,-9.256190476190477,6.086754595170689,-24.83,-13.98,-7.93,-5.4,2.5,105.0,84.5904761904762,14.939425922251727,51.0,72.0,93.0,95.0,100.0
SL,12.0,1.804166666666667,0.45309959437660335,0.97,1.635,1.885,2.12,2.33,12.0,5.076666666666667,2.571520007994329,1.84,3.4325,4.695,6.505,9.98,12.0,0.009166666666666665,0.0051492865054443724,0.0,0.01,0.01,0.01,0.02,12.0,28.129166666666666,1.7503737696084616,25.98,26.96,27.775,28.990000000000002,32.27,12.0,103.79750000000001,9.488407400612603,91.21,98.94,101.47,107.7025,127.78,12.0,26.17916666666667,0.49840579183365524,25.35,25.955000000000002,26.28,26.4975,26.85,12.0,77.91666666666667,1.8319554050414562,74.0,76.75,78.5,79.0,80.0
SO,11.0,2.673636363636364,0.7751293147246171,1.26,2.62,2.77,3.1,3.83,11.0,6.375454545454545,2.6901500465080517,1.86,4.805,6.92,8.489999999999998,10.01,11.0,0.02090909090909091,0.00943879807448539,0.01,0.015,0.02,0.025,0.04,11.0,60.73818181818181,11.137422339286427,41.46,55.945,60.39,67.185,79.02,11.0,120.72272727272728,9.160370179102031,99.89,118.2,123.59,125.62,131.5,11.0,26.890909090909087,0.37254407914915394,26.39,26.64,26.82,27.060000000000002,27.66,11.0,76.27272727272727,3.101319367330914,72.0,73.5,76.0,79.0,81.0
SR,2.0,0.5,0.0,0.5,0.5,0.5,0.5,0.5,2.0,0.52,0.028284271247461926,0.5,0.51,0.52,0.53,0.54,2.0,0.08499999999999999,0.03535533905932738,0.06,0.0725,0.08499999999999999,0.0975,0.11,2.0,11.71,8.584276323604689,5.64,8.675,11.71,14.745000000000001,17.78,2.0,95.245,15.365430355183681,84.38,89.8125,95.245,100.6775,106.11,2.0,26.77,3.577960312803932,24.24,25.505,26.77,28.035,29.3,2.0,75.0,16.97056274847714,63.0,69.0,75.0,81.0,87.0
ST,1.0,4.36,,4.36,4.36,4.36,4.36,4.36,1.0,10.83,,10.83,10.83,10.83,10.83,10.83,1.0,0.03,,0.03,0.03,0.03,0.03,0.03,1.0,30.62,,30.62,30.62,30.62,30.62,30.62,1.0,115.71,,115.71,115.71,115.71,115.71,115.71,1.0,26.16,,26.16,26.16,26.16,26.16,26.16,1.0,86.0,,86.0,86.0,86.0,86.0,86.0
TC,1.0,1.04,,1.04,1.04,1.04,1.04,1.04,1.0,4.42,,4.42,4.42,4.42,4.42,4.42,1.0,0.11,,0.11,0.11,0.11,0.11,0.11,1.0,63.43,,63.43,63.43,63.43,63.43,63.43,1.0,106.23,,106.23,106.23,106.23,106.23,106.23,1.0,25.47,,25.47,25.47,25.47,25.47,25.47,1.0,74.0,,74.0,74.0,74.0,74.0,74.0
TF,361.0,0.5955401662049862,0.4132557711756393,0.0,0.5,0.5,0.5,3.05,361.0,1.0106094182825487,1.5275534778127136,0.0,0.5,0.5,0.52,9.95,361.0,0.0016343490304709144,0.0048119452269044195,0.0,0.0,0.0,0.0,0.03,361.0,28.628504155124652,7.793313870848911,0.0,25.53,28.37,32.98,43.26,361.0,50.89135734072022,12.436935965424281,0.0,45.52,49.06,60.87,64.91,361.0,-13.190000000000001,15.279429945009221,-34.11,-27.65,-16.87,0.44,16.9,361.0,86.17174515235457,8.176074819005963,62.0,81.0,87.0,93.0,100.0
TK,29.0,1.1144827586206896,0.46354677839841235,0.5,0.81,0.99,1.47,2.02,29.0,3.9172413793103447,2.182581853401615,0.5,2.27,3.5,5.38,8.6,29.0,0.01413793103448276,0.008667361346416774,0.0,0.01,0.01,0.02,0.04,29.0,14.847931034482757,5.139351945882411,8.65,10.41,14.61,16.75,27.4,29.0,83.07931034482759,4.811915219412924,73.99,77.97,84.61,86.47,92.46,29.0,27.124137931034486,0.4350329810270493,26.3,26.83,27.09,27.39,27.94,29.0,76.34482758620689,4.842341981115023,68.0,72.0,75.0,79.0,85.0
TO,30.0,1.4493333333333331,0.4000942417716738,0.93,1.205,1.36,1.5675000000000001,3.04,30.0,5.032666666666667,1.0757769712882048,3.04,4.31,4.93,5.565,7.28,30.0,0.04333333333333334,0.02056668436445521,0.02,0.03,0.04,0.05,0.09,30.0,31.325000000000003,8.043068444318996,20.21,24.9125,27.090000000000003,39.9375,45.06,30.0,75.61166666666668,3.269057739738949,70.22,72.7475,75.825,78.6275,80.35,30.0,23.83366666666667,2.052104862772878,19.8,22.127499999999998,23.78,25.695,27.18,30.0,79.06666666666666,9.153606160804955,60.0,72.5,79.5,87.0,94.0
TR,1.0,1.92,,1.92,1.92,1.92,1.92,1.92,1.0,3.65,,3.65,3.65,3.65,3.65,3.65,1.0,0.22,,0.22,0.22,0.22,0.22,0.22,1.0,92.5,,92.5,92.5,92.5,92.5,92.5,1.0,116.44,,116.44,116.44,116.44,116.44,116.44,1.0,18.71,,18.71,18.71,18.71,18.71,18.71,1.0,60.0,,60.0,60.0,60.0,60.0,60.0
TT,1.0,0.6,,0.6,0.6,0.6,0.6,0.6,1.0,1.54,,1.54,1.54,1.54,1.54,1.54,1.0,0.06,,0.06,0.06,0.06,0.06,0.06,1.0,24.26,,24.26,24.26,24.26,24.26,24.26,1.0,135.45,,135.45,135.45,135.45,135.45,135.45,1.0,26.51,,26.51,26.51,26.51,26.51,26.51,1.0,81.0,,81.0,81.0,81.0,81.0,81.0
TV,16.0,0.744375,0.40958464733597294,0.5,0.5,0.525,0.81,1.96,16.0,1.523125,1.5876763681556767,0.5,0.6425000000000001,0.97,1.62,6.73,16.0,0.01,0.0036514837167011074,0.0,0.01,0.01,0.01,0.02,16.0,11.985,3.7108525525365006,8.09,9.4075,10.815000000000001,12.397499999999999,19.79,16.0,80.844375,2.58627136691673,76.21,79.6475,80.99000000000001,82.63499999999999,84.02,16.0,28.08625,0.3553003424334599,27.27,27.905,28.04,28.4225,28.51,16.0,75.6875,2.358495283014151,70.0,74.75,75.5,77.25,79.0
TZ,2.0,2.34,0.33941125496954283,2.1,2.22,2.34,2.46,2.58,2.0,2.75,0.3676955262170044,2.49,2.62,2.75,2.88,3.01,2.0,0.16999999999999998,0.014142135623730944,0.16,0.165,0.16999999999999998,0.175,0.18,2.0,53.925,0.9828784258493014,53.23,53.5775,53.925,54.272499999999994,54.62,2.0,111.725,4.391133111168456,108.62,110.1725,111.725,113.2775,114.83,2.0,29.775,0.38890872965260165,29.5,29.6375,29.775,29.9125,30.05,2.0,49.5,0.7071067811865476,49.0,49.25,49.5,49.75,50.0
US,267.0,1.1983520599250939,0.6490973342050147,0.5,0.61,1.04,1.61,3.6,267.0,3.5677528089887636,2.9062388502076644,0.5,0.91,3.13,5.23,11.06,267.0,0.06647940074906367,0.06744227932269974,0.0,0.01,0.04,0.11499999999999999,0.22,267.0,74.87389513108614,15.558028214197748,28.84,63.46,78.17,87.32,101.96,267.0,108.04340823970037,15.588080586953142,80.19,94.28,106.44,123.685,133.57,267.0,4.753295880149813,20.725872601928582,-29.1,-18.875,17.2,22.825,26.3,267.0,81.65543071161049,12.758352656270324,54.0,71.0,81.0,95.0,100.0
UY,8.0,0.86625,0.24587671126574218,0.61,0.7025,0.785,0.985,1.32,8.0,2.9025,0.8247900165669875,1.72,2.3975,2.965,3.2375,4.33,8.0,0.04875,0.06577830732305077,0.02,0.02,0.02,0.04,0.21,8.0,43.875,4.619641297144803,40.14,40.605000000000004,41.225,47.427499999999995,52.34,8.0,63.155,3.779444403612787,60.55,60.8,61.31,64.1,71.43,8.0,14.976249999999999,3.978265729471287,9.8,11.145,15.884999999999998,17.345,20.86,8.0,69.75,10.484682705192915,51.0,63.0,71.5,75.75,83.0
VE,4.0,0.5,0.0,0.5,0.5,0.5,0.5,0.5,4.0,0.5,0.0,0.5,0.5,0.5,0.5,0.5,4.0,0.0275,0.04856267428111156,0.0,0.0,0.005,0.0325,0.1,4.0,3.1149999999999998,2.8192493090655653,1.13,1.145,2.105,4.075,7.12,4.0,53.36,9.253885670354913,40.82,49.504999999999995,55.28,59.135,62.06,4.0,24.2925,3.6040567420616454,19.91,22.16,24.65,26.7825,27.96,4.0,86.0,10.923979738782625,76.0,77.5,84.5,93.0,99.0
VG,1.0,1.39,,1.39,1.39,1.39,1.39,1.39,1.0,4.01,,4.01,4.01,4.01,4.01,4.01,1.0,0.14,,0.14,0.14,0.14,0.14,0.14,1.0,54.27,,54.27,54.27,54.27,54.27,54.27,1.0,107.08,,107.08,107.08,107.08,107.08,107.08,1.0,26.69,,26.69,26.69,26.69,26.69,26.69,1.0,72.0,,72.0,72.0,72.0,72.0,72.0
VI,1.0,0.92,,0.92,0.92,0.92,0.92,0.92,1.0,3.21,,3.21,3.21,3.21,3.21,3.21,1.0,0.12,,0.12,0.12,0.12,0.12,0.12,1.0,52.97,,52.97,52.97,52.97,52.97,52.97,1.0,110.32,,110.32,110.32,110.32,110.32,110.32,1.0,26.15,,26.15,26.15,26.15,26.15,26.15,1.0,76.0,,76.0,76.0,76.0,76.0,76.0
VU,12.0,1.13,0.4333799508724207,0.65,0.91,1.1150000000000002,1.1749999999999998,2.38,12.0,4.058333333333333,1.322379627333951,1.78,3.0075,4.3149999999999995,4.842499999999999,6.49,12.0,0.02666666666666667,0.013026778945578592,0.01,0.0175,0.03,0.0325,0.05,12.0,34.45583333333334,5.311733937636788,27.72,31.0675,33.205,36.5225,47.73,12.0,71.77916666666665,0.6306628307270091,70.26,71.5475,71.995,72.1075,72.67,12.0,27.084166666666665,0.8484794777968552,25.91,26.6,26.955,27.427500000000002,28.79,12.0,70.08333333333333,3.8720051965905524,62.0,67.75,71.0,73.0,76.0
WF,6.0,0.8333333333333334,0.40008332465458574,0.5,0.5075000000000001,0.685,1.1175,1.42,6.0,1.7883333333333338,1.0460863571745243,0.55,1.2125,1.47,2.4175,3.38,6.0,0.025000000000000005,0.00547722557505166,0.02,0.02,0.025,0.03,0.03,6.0,20.28,1.7892344731756085,17.71,19.2525,20.43,21.322499999999998,22.63,6.0,74.37166666666668,2.625676420785066,71.62,72.1925,74.27000000000001,75.965,78.04,6.0,27.796666666666667,0.42462532504157907,27.2,27.535,27.845,28.1475,28.21,6.0,72.0,3.1622776601683795,68.0,69.5,72.5,74.0,76.0
WS,3.0,0.5066666666666667,0.011547005383792525,0.5,0.5,0.5,0.51,0.52,3.0,1.0999999999999999,0.84,0.5,0.62,0.74,1.4,2.06,3.0,0.060000000000000005,0.04358898943540673,0.03,0.035,0.04,0.075,0.11,3.0,16.63,0.42579337712087506,16.35,16.385,16.42,16.770000000000003,17.12,3.0,77.79,2.4202479211849317,76.03,76.41,76.79,78.67,80.55,3.0,27.870000000000005,0.5197114584074514,27.48,27.575000000000003,27.67,28.065,28.46,3.0,72.33333333333333,0.5773502691896257,72.0,72.0,72.0,72.5,73.0
YT,1.0,0.5,,0.5,0.5,0.5,0.5,0.5,1.0,0.76,,0.76,0.76,0.76,0.76,0.76,1.0,0.06,,0.06,0.06,0.06,0.06,0.06,1.0,27.2,,27.2,27.2,27.2,27.2,27.2,1.0,83.37,,83.37,83.37,83.37,83.37,83.37,1.0,26.48,,26.48,26.48,26.48,26.48,26.48,1.0,77.0,,77.0,77.0,77.0,77.0,77.0
ZA,212.0,0.6933490566037737,0.5041229170517207,0.0,0.5,0.5,0.6325000000000001,3.59,212.0,1.7750943396226415,2.08215311695184,0.0,0.5,0.5,2.64,11.02,212.0,0.004811320754716982,0.012371127682756907,0.0,0.0,0.0,0.0025,0.12,212.0,28.141273584905658,8.63080978339887,0.0,24.1925,28.27,32.695,43.81,212.0,56.0470283018868,14.870041421779938,0.0,49.427499999999995,61.03,63.792500000000004,81.31,212.0,-3.139575471698113,15.033166249883845,-28.4,-22.18,-0.54,7.525,21.89,212.0,80.64622641509433,9.384990280474828,40.0,74.0,83.0,87.0,98.0
ZM,7.0,0.85,0.4108527716834828,0.5,0.5,0.73,1.12,1.48,7.0,1.0614285714285714,0.554419473306045,0.5,0.5349999999999999,1.14,1.4100000000000001,1.9,7.0,0.11714285714285713,0.04923220007078217,0.06,0.09,0.1,0.145,0.19,7.0,27.198571428571423,6.6021648686155165,21.07,21.795,26.61,29.82,39.48,7.0,114.55714285714285,24.969352357297076,89.15,97.18,104.05,129.885,154.57,7.0,27.601428571428567,3.926671315382485,20.07,26.450000000000003,28.78,29.455,32.55,7.0,50.857142857142854,13.60672102833218,41.0,43.5,46.0,51.0,80.0
ZW,2.0,1.5550000000000002,0.43133513652379407,1.25,1.4025,1.5550000000000002,1.7075,1.86,2.0,1.91,0.25455844122715704,1.73,1.8199999999999998,1.91,2.0,2.09,2.0,0.175,0.03535533905932738,0.15,0.1625,0.175,0.1875,0.2,2.0,32.31,3.9456558390209366,29.52,30.915,32.31,33.705,35.1,2.0,111.225,9.18531708761325,104.73,107.9775,111.225,114.4725,117.72,2.0,23.045,2.5526554800834385,21.24,22.1425,23.045,23.9475,24.85,2.0,66.5,26.16295090390226,48.0,57.25,66.5,75.75,85.0
